	Gene	Distance To Closest Splicing Site (bp)	#chr:pos	F_PGC_17W_embryo1_sc1	F_PGC_17W_embryo1_sc2	F_PGC_17W_embryo1_sc3	F_PGC_17W_embryo1_sc4	F_PGC_17W_embryo1_sc5	F_PGC_17W_embryo1_sc6	F_PGC_17W_embryo1_sc7	F_PGC_17W_embryo1_sc8	F_PGC_17W_embryo1_sc9	F_PGC_17W_embryo1_sc10	F_PGC_17W_embryo1_sc11	F_PGC_17W_embryo1_sc12	F_PGC_17W_embryo1_sc13	F_PGC_17W_embryo1_sc14	F_PGC_17W_embryo1_sc15	F_PGC_17W_embryo1_sc16	F_PGC_17W_embryo1_sc17	F_PGC_17W_embryo1_sc18	F_PGC_17W_embryo1_sc19	F_PGC_17W_embryo1_sc20	F_PGC_17W_embryo1_sc21	F_PGC_17W_embryo1_sc22	F_PGC_17W_embryo1_sc23	F_PGC_17W_embryo1_sc24	F_PGC_17W_embryo1_sc25	F_PGC_17W_embryo1_sc26	F_PGC_17W_embryo1_sc27	F_PGC_17W_embryo1_sc28	F_PGC_17W_embryo1_sc29	F_PGC_17W_embryo1_sc30	F_PGC_17W_embryo1_sc31	F_Soma_17W_embryo1_sc1	F_Soma_17W_embryo1_sc2	F_Soma_17W_embryo1_sc3	F_Soma_17W_embryo1_sc4	F_Soma_17W_embryo1_sc5	F_Soma_17W_embryo1_sc6	F_Soma_17W_embryo1_sc7	F_Soma_17W_embryo1_sc8	F_Soma_17W_embryo1_sc9
rs7691	ATP6AP2	26	chrX:40460040	0.48913	0.47619	0.444444	0.333333	0.48	0	0.395349	0.490323	0.351724	0.214286	0.392857	0.360825	0.022727	0.21875	0.153846	nan	0.476821	0.317073	0.494118	0.426829	0.483871	0.467532	0.375839	0.208333	0.253333	0.333333	0	0.463415	0.434343	0	0.386364	nan	nan	nan	nan	nan	nan	1	nan	1
rs5963816	ATP6AP2	460	chrX:40465273	0.725	0.571429	0.5	0.689655	0.722222	0	0.573333	0.643836	0.619718	1	0.624161	0.625	0.75	0.619048	0.5625	0.02439	0.509934	0.706767	0.549296	0.606061	0.595238	0.506494	0.546392	0.534884	0.702128	0.521739	0	0.854167	0.627119	0	0.652439	nan	nan	nan	nan	nan	0.5	1	1	1
rs6609080	ATP6AP2	552	chrX:40465365	0.569231	0.510204	0.666667	0.714286	0.555556	0	0.638554	0.555556	0.633803	1	0.608108	0.618321	0.772727	0.65625	0.566667	0.962963	0.536842	0.704301	0.506329	0.578431	0.523077	0.541284	0.55303	0.537975	0.776471	0.628571	0	0.752381	0.533333	0	0.602871	nan	nan	nan	nan	nan	nan	1	1	1
rs10536	ATP6AP2	955	chrX:40465768	0.666667	0.875	nan	1	0.833333	nan	0.625	0.592593	0.677419	1	0.514286	0.571429	0.833333	0.647059	0.681818	0.933333	0.738636	0.509804	0.727273	0.666667	0.551724	0.685714	0.5	0.693878	0.794872	0.875	0	0.958333	0.566667	0.875	0.507246	nan	nan	nan	nan	1	nan	1	1	1
rs1060063	ATP6AP2	1003	chrX:40465816	0.5	0.25	nan	1	0.333333	nan	0.076923	0.454545	0.176471	1	0.391304	0.411765	nan	0.454545	0.4	0.2	0.181818	0.405405	0.285714	0.214286	0.5	0.333333	0.466667	0.5	0.076923	1	nan	0	0.466667	0	0.46875	nan	nan	nan	nan	1	nan	1	1	1
rs1136472	NONO	548	chrX:70520340	0.654545	0.514706	0.652174	0.607843	0.670732	0.534247	0.518072	0.596273	0.504587	0.55814	0.589744	0.55	0.95	1	0.588235	0	0.595745	0.534884	0.624161	0.529412	0.707865	0.66242	0.535714	0.544872	0.580153	0.536585	0.991803	0.55914	0.716981	0.75	0.593103	nan	nan	0	1	0	0	0	0	0
rs11415,rs144390339	PIN4,PIN4	31	chrX:71416721	0.678571	nan	0	1	nan	0.888889	0.904762	0.6	0.833333	nan	nan	0	nan	0.833333	nan	nan	nan	nan	0	nan	0.692308	1	nan	nan	0.945946	0.761905	nan	1	nan	nan	1	nan	nan	nan	nan	1	nan	nan	nan	1
rs41307260,rs41307260	HNRNPH2,RPL36A-HNRNPH2	1565	chrX:100668489	0.341176	0.375	1	nan	0.305556	0.458333	0.25	0.436364	0.388889	0.064516	0.1	0.237624	0.40625	0.414286	0	nan	0.230769	0	1	0.28125	0.030303	0.288136	0.457143	0	0.475	0.230769	0.421053	0	0.320513	0.333333	0.4375	nan	nan	nan	1	nan	nan	nan	nan	0
rs874	MORF4L2	1018	chrX:102930960	0.55625	0.514851	0.511905	0.578512	0.542373	0.601594	0.586538	0.513308	0.55414	1	0.931818	0	0.633065	0.528169	1	0.58209	0.53012	0.589474	1	0.545455	0.684825	0.609524	1	0.505263	0.559229	0.650685	0.548458	0.720635	0.673077	0.546448	0.5131	0	1	0.998066	1	0	0	0	0	0
rs10521584	WDR44	38	chrX:117566782	0.535714	0.882353	1	nan	0.666667	1	0.522388	0.928571	1	0.966667	0.953488	0	1	1	0.933333	nan	0.514793	0	0.8	0.625	0.792079	0.532258	0.029412	0	0.565217	1	0	nan	nan	1	0	nan	0	nan	nan	1	nan	nan	nan	nan
rs2071913	HTATSF1	370	chrX:135593337	0.382353	0.117647	0.309524	nan	0.459677	0.491667	0.261261	0.441379	0.489362	0	0.277778	0.443478	0.183333	0.288	0.5	nan	0.057971	0.2	0.25	0.260563	0.103448	0.48	0.402174	0.044118	1	0.370968	0.08	0.47619	0.071429	1	0.212121	nan	1	nan	1	nan	nan	nan	nan	nan
rs5945431	PLXNA3	783	chrX:153701716	0.692308	0.5	nan	nan	1	nan	0	0	0	nan	0	nan	nan	nan	nan	nan	nan	nan	0	0.6	nan	0.666667	nan	0.8	0	0.75	nan	0.555556	0.944444	1	0.6	nan	nan	nan	nan	0	nan	0	nan	0
rs6567	LAGE3	132	chrX:153706264	1	0.5	0	0.517241	0	0.522727	1	0.642857	1	0.736842	nan	1	nan	nan	0.571429	1	nan	nan	1	0.571429	1	nan	0.913043	nan	nan	nan	0	nan	1	1	1	0	nan	nan	nan	0	nan	nan	nan	nan
rs7611	FAM3A	449	chrX:153734787	1	0	0.111111	1	1	0.388889	0.459459	0.263158	0.105263	nan	1	nan	nan	nan	1	nan	nan	nan	1	1	1	0.4	1	0	1	0.361111	nan	1	0	0.411765	0.052632	nan	nan	nan	nan	0	0	nan	nan	nan